video_id,title,channel,url,views,upload_date,duration_min,employee_status,notes,transcript_available,transcript_path
lxBjYK8wHt4,WORKING AT AMAZON WAREHOUSE + COME TO WORK WITH ME: FIRST DAY,PAY,SHIFTS, BENEFITS + MORE | Jada Lin,Jada Lin,https://youtu.be/lxBjYK8wHt4,,2024-04-14,21,current,First day experience, pay, shifts, benefits
MQjVIJkvNPY,ONE MONTH WORKING AT AMAZON WAREHOUSE: PROS & CONS,kaelle,https://youtu.be/MQjVIJkvNPY,,2024-06-20,11,current,Pros and cons after one month
BggxkRAW2_I,Come To Work With Me | Amazon Overnight shift | Working at Amazon,Chaii Jemari,https://youtu.be/BggxkRAW2_I,,2024-01-10,11,current,Overnight shift vlog
kXOb9lfWU9w,AMAZON WAREHOUSE SHIFT 6pm-4:30am |SUNDAY-WEDNESDAY OVERNIGHT SHIFT Vlogmas,LIFE OF BRE,https://youtu.be/kXOb9lfWU9w,,2024-12-15,13,current,Overnight shift vlog
jzg4snTtk3E,DAY IN THE LIFE Working at an AMAZON Warehouse (INSIDE FOOTAGE),Mayaamc,https://youtu.be/jzg4snTtk3E,,2024-03-08,17,current,Day in the life with warehouse footage
GDu6cmst__A,Come To WORK With Me | Amazon MORNING SHIFT,Shorty Torres,https://youtu.be/GDu6cmst__A,,2024-02-20,8,current,Morning shift vlog
tgWkQC3_b30,DAY IN THE LIFE Working at an AMAZON Warehouse (Inside Footage),NFZ Productions,https://youtu.be/tgWkQC3_b30,,2024-05-12,10,current,Day in the life with warehouse footage
iOcywWTZqGo,Packing 1,000 Amazon Orders Nearly Broke Me,Jackielifeandmore,https://www.youtube.com/watch?v=iOcywWTZqGo,,2024-07-20,20,current,Challenging packing experience, negative tone
40EDWNpK2XM,WORKING AT AMAZON..I SHOULD QUIT RIGHT? + LIVE FOOTAGE,samone danyale,https://www.youtube.com/watch?v=40EDWNpK2XM,,2024-08-15,12,current,Considering quitting, frustrated
